{"cameraMode":{"drawMode":0,"name":"Shaded","section":"Shading Mode"},"sceneLighting":false,"audioPlay":false,"sceneViewState":{"showFog":true,"showMaterialUpdate":true,"showSkybox":true,"showFlares":true,"showImageEffects":true,"showParticleSystems":true},"in2DMode":false,"pivot":{"x":0.0,"y":-0.017312079668045045,"z":15.526777267456055},"rotation":{"x":-0.39130252599716189,"y":0.5706196427345276,"z":-0.35522007942199709,"w":-0.6285871863365173},"size":5.1415205001831059,"orthographic":false}