{"cameraMode":{"drawMode":0,"name":"Shaded","section":"Shading Mode"},"sceneLighting":false,"audioPlay":false,"sceneViewState":{"showFog":true,"showMaterialUpdate":true,"showSkybox":true,"showFlares":true,"showImageEffects":true,"showParticleSystems":true},"in2DMode":false,"pivot":{"x":4.76837158203125e-7,"y":-0.0000025033950805664064,"z":2.384185791015625e-7},"rotation":{"x":-0.4073765277862549,"y":0.563029944896698,"z":-0.373167484998703,"w":-0.6146463751792908},"size":10.293042182922364,"orthographic":false}