{"cameraMode":{"drawMode":0,"name":"Shaded","section":"Shading Mode"},"sceneLighting":true,"audioPlay":false,"sceneViewState":{"showFog":true,"showMaterialUpdate":true,"showSkybox":true,"showFlares":true,"showImageEffects":true,"showParticleSystems":true},"in2DMode":false,"pivot":{"x":1.3347350358963013,"y":0.0000026226043701171877,"z":-9.685498237609864},"rotation":{"x":-0.2550714910030365,"y":0.5594519972801209,"z":-0.18621015548706056,"w":-0.7663413286209106},"size":16.004150390625,"orthographic":false}