{"cameraMode":{"drawMode":0,"name":"Shaded","section":"Shading Mode"},"sceneLighting":true,"audioPlay":false,"sceneViewState":{"showFog":true,"showMaterialUpdate":true,"showSkybox":true,"showFlares":true,"showImageEffects":true,"showParticleSystems":true},"in2DMode":false,"pivot":{"x":2.2911529541015627,"y":0.0000019073486328125,"z":-6.599979400634766},"rotation":{"x":-0.2550714910030365,"y":0.5594519972801209,"z":-0.18621015548706056,"w":-0.7663413286209106},"size":40.010372161865237,"orthographic":false}