{"cameraMode":{"drawMode":0,"name":"Shaded","section":"Shading Mode"},"sceneLighting":false,"audioPlay":false,"sceneViewState":{"showFog":true,"showMaterialUpdate":true,"showSkybox":true,"showFlares":true,"showImageEffects":true,"showParticleSystems":true},"in2DMode":false,"pivot":{"x":0.0,"y":-0.011736452579498291,"z":10.357121467590332},"rotation":{"x":-0.3506007492542267,"y":0.09863308817148209,"z":-0.03716113418340683,"w":-0.9305785894393921},"size":3.485612392425537,"orthographic":false}