{"cameraMode":{"drawMode":0,"name":"Shaded","section":"Shading Mode"},"sceneLighting":true,"audioPlay":false,"sceneViewState":{"showFog":true,"showMaterialUpdate":true,"showSkybox":true,"showFlares":true,"showImageEffects":true,"showParticleSystems":true},"in2DMode":false,"pivot":{"x":-6.683333873748779,"y":-4.76837158203125e-7,"z":0.41242313385009768},"rotation":{"x":-0.2550714910030365,"y":0.5594519972801209,"z":-0.18621015548706056,"w":-0.7663413286209106},"size":16.004148483276368,"orthographic":false}