{"cameraMode":{"drawMode":0,"name":"Shaded","section":"Shading Mode"},"sceneLighting":false,"audioPlay":false,"sceneViewState":{"showFog":true,"showMaterialUpdate":true,"showSkybox":true,"showFlares":true,"showImageEffects":true,"showParticleSystems":true},"in2DMode":false,"pivot":{"x":0.0,"y":-0.0000057220458984375,"z":9.5367431640625e-7},"rotation":{"x":-0.35536664724349978,"y":0.5169438123703003,"z":-0.24895399808883668,"w":-0.7379075884819031},"size":24.23322296142578,"orthographic":false}