{"cameraMode":{"drawMode":0,"name":"Shaded","section":"Shading Mode"},"sceneLighting":false,"audioPlay":false,"sceneViewState":{"showFog":true,"showMaterialUpdate":true,"showSkybox":true,"showFlares":true,"showImageEffects":true,"showParticleSystems":true},"in2DMode":false,"pivot":{"x":0.0,"y":-0.017312079668045045,"z":15.526777267456055},"rotation":{"x":-0.104082852602005,"y":0.6401665210723877,"z":-0.08813118934631348,"w":-0.7560372352600098},"size":5.1415205001831059,"orthographic":false}