{"cameraMode":{"drawMode":0,"name":"Shaded","section":"Shading Mode"},"sceneLighting":false,"audioPlay":false,"sceneViewState":{"showFog":true,"showMaterialUpdate":true,"showSkybox":true,"showFlares":true,"showImageEffects":true,"showParticleSystems":true},"in2DMode":false,"pivot":{"x":0.0,"y":-0.000004693865776062012,"z":0.00690382719039917},"rotation":{"x":-0.4462850093841553,"y":0.2469162940979004,"z":-0.1295878142118454,"w":-0.8503510355949402},"size":57.78559112548828,"orthographic":false}