{"cameraMode":{"drawMode":0,"name":"Shaded","section":"Shading Mode"},"sceneLighting":false,"audioPlay":false,"sceneViewState":{"showFog":true,"showMaterialUpdate":true,"showSkybox":true,"showFlares":true,"showImageEffects":true,"showParticleSystems":true},"in2DMode":false,"pivot":{"x":0.017588257789611818,"y":0.10000000894069672,"z":0.0},"rotation":{"x":-0.26000896096229555,"y":0.6209607720375061,"z":-0.2297060340642929,"w":-0.7028799653053284},"size":3.4416277408599855,"orthographic":false}