{"cameraMode":{"drawMode":0,"name":"Shaded","section":"Shading Mode"},"sceneLighting":true,"audioPlay":false,"sceneViewState":{"showFog":true,"showMaterialUpdate":true,"showSkybox":true,"showFlares":true,"showImageEffects":true,"showParticleSystems":true},"in2DMode":false,"pivot":{"x":-11.531636238098145,"y":0.00000286102294921875,"z":-9.52045726776123},"rotation":{"x":-0.2550714910030365,"y":0.5594519972801209,"z":-0.18621015548706056,"w":-0.7663413286209106},"size":28.007266998291017,"orthographic":false}