{"cameraMode":{"drawMode":0,"name":"Shaded","section":"Shading Mode"},"sceneLighting":true,"audioPlay":false,"sceneViewState":{"showFog":true,"showMaterialUpdate":true,"showSkybox":true,"showFlares":true,"showImageEffects":true,"showParticleSystems":true},"in2DMode":false,"pivot":{"x":21.85088539123535,"y":7.529776096343994,"z":-38.27037811279297},"rotation":{"x":-0.2550714910030365,"y":0.5594519972801209,"z":-0.18621015548706056,"w":-0.7663413286209106},"size":28.007266998291017,"orthographic":false}